model,capture,entry_index,rel_depth,auc
DiffuCoder-7B,original,0,0.0,0.5241
DiffuCoder-7B,original,1,0.0357,0.5881
DiffuCoder-7B,original,2,0.0714,0.5755
DiffuCoder-7B,original,3,0.1071,0.5618
DiffuCoder-7B,original,4,0.1429,0.587
DiffuCoder-7B,original,5,0.1786,0.6006
DiffuCoder-7B,original,6,0.2143,0.6143
DiffuCoder-7B,original,7,0.25,0.609
DiffuCoder-7B,original,8,0.2857,0.6153
DiffuCoder-7B,original,9,0.3214,0.6373
DiffuCoder-7B,original,10,0.3571,0.6572
DiffuCoder-7B,original,11,0.3929,0.6887
DiffuCoder-7B,original,12,0.4286,0.6908
DiffuCoder-7B,original,13,0.4643,0.7484
DiffuCoder-7B,original,14,0.5,0.7327
DiffuCoder-7B,original,15,0.5357,0.7537
DiffuCoder-7B,original,16,0.5714,0.7547
DiffuCoder-7B,original,17,0.6071,0.739
DiffuCoder-7B,original,18,0.6429,0.7243
DiffuCoder-7B,original,19,0.6786,0.7201
DiffuCoder-7B,original,20,0.7143,0.7621
DiffuCoder-7B,original,21,0.75,0.7579
DiffuCoder-7B,original,22,0.7857,0.7809
DiffuCoder-7B,original,23,0.8214,0.783
DiffuCoder-7B,original,24,0.8571,0.7201
DiffuCoder-7B,original,25,0.8929,0.717
DiffuCoder-7B,original,26,0.9286,0.7432
DiffuCoder-7B,original,27,0.9643,0.7264
DiffuCoder-7B,original,28,1.0,0.7138
Dream-7B,original,0,0.0,0.5304
Dream-7B,original,1,0.0357,0.5828
Dream-7B,original,2,0.0714,0.5545
Dream-7B,original,3,0.1071,0.544
Dream-7B,original,4,0.1429,0.5419
Dream-7B,original,5,0.1786,0.5105
Dream-7B,original,6,0.2143,0.5031
Dream-7B,original,7,0.25,0.5409
Dream-7B,original,8,0.2857,0.566
Dream-7B,original,9,0.3214,0.5776
Dream-7B,original,10,0.3571,0.6038
Dream-7B,original,11,0.3929,0.6017
Dream-7B,original,12,0.4286,0.5922
Dream-7B,original,13,0.4643,0.6698
Dream-7B,original,14,0.5,0.5922
Dream-7B,original,15,0.5357,0.6677
Dream-7B,original,16,0.5714,0.6562
Dream-7B,original,17,0.6071,0.6971
Dream-7B,original,18,0.6429,0.6824
Dream-7B,original,19,0.6786,0.7191
Dream-7B,original,20,0.7143,0.7117
Dream-7B,original,21,0.75,0.7138
Dream-7B,original,22,0.7857,0.7495
Dream-7B,original,23,0.8214,0.7537
Dream-7B,original,24,0.8571,0.6698
Dream-7B,original,25,0.8929,0.6813
Dream-7B,original,26,0.9286,0.6897
Dream-7B,original,27,0.9643,0.7034
Dream-7B,original,28,1.0,0.7725
LLaDA-flash-102B,original,0,0.0,0.522
LLaDA-flash-102B,original,1,0.0312,0.5723
LLaDA-flash-102B,original,2,0.0625,0.6153
LLaDA-flash-102B,original,3,0.0938,0.5818
LLaDA-flash-102B,original,4,0.125,0.5933
LLaDA-flash-102B,original,5,0.1562,0.6017
LLaDA-flash-102B,original,6,0.1875,0.4497
LLaDA-flash-102B,original,7,0.2188,0.4528
LLaDA-flash-102B,original,8,0.25,0.457
LLaDA-flash-102B,original,9,0.2812,0.5042
LLaDA-flash-102B,original,10,0.3125,0.5325
LLaDA-flash-102B,original,11,0.3438,0.6457
LLaDA-flash-102B,original,12,0.375,0.6897
LLaDA-flash-102B,original,13,0.4062,0.7002
LLaDA-flash-102B,original,14,0.4375,0.6981
LLaDA-flash-102B,original,15,0.4688,0.76
LLaDA-flash-102B,original,16,0.5,0.7694
LLaDA-flash-102B,original,17,0.5312,0.7558
LLaDA-flash-102B,original,18,0.5625,0.7956
LLaDA-flash-102B,original,19,0.5938,0.7966
LLaDA-flash-102B,original,20,0.625,0.8208
LLaDA-flash-102B,original,21,0.6562,0.804
LLaDA-flash-102B,original,22,0.6875,0.8124
LLaDA-flash-102B,original,23,0.7188,0.8061
LLaDA-flash-102B,original,24,0.75,0.8187
LLaDA-flash-102B,original,25,0.7812,0.8008
LLaDA-flash-102B,original,26,0.8125,0.8061
LLaDA-flash-102B,original,27,0.8438,0.8239
LLaDA-flash-102B,original,28,0.875,0.8019
LLaDA-flash-102B,original,29,0.9062,0.8208
LLaDA-flash-102B,original,30,0.9375,0.7851
LLaDA-flash-102B,original,31,0.9688,0.8113
LLaDA-flash-102B,original,32,1.0,0.6384
LLaDA-mini,original,0,0.0,0.544
LLaDA-mini,original,1,0.05,0.63
LLaDA-mini,original,2,0.1,0.5713
LLaDA-mini,original,3,0.15,0.5786
LLaDA-mini,original,4,0.2,0.5996
LLaDA-mini,original,5,0.25,0.6038
LLaDA-mini,original,6,0.3,0.6373
LLaDA-mini,original,7,0.35,0.6709
LLaDA-mini,original,8,0.4,0.6499
LLaDA-mini,original,9,0.45,0.6143
LLaDA-mini,original,10,0.5,0.6405
LLaDA-mini,original,11,0.55,0.696
LLaDA-mini,original,12,0.6,0.6845
LLaDA-mini,original,13,0.65,0.7023
LLaDA-mini,original,14,0.7,0.7055
LLaDA-mini,original,15,0.75,0.7117
LLaDA-mini,original,16,0.8,0.7065
LLaDA-mini,original,17,0.85,0.7117
LLaDA-mini,original,18,0.9,0.7212
LLaDA-mini,original,19,0.95,0.6918
LLaDA-mini,original,20,1.0,0.7411
Stable-8B,original,0,0.0,0.5367
Stable-8B,original,1,0.0312,0.6027
Stable-8B,original,2,0.0625,0.6059
Stable-8B,original,3,0.0938,0.5744
Stable-8B,original,4,0.125,0.5629
Stable-8B,original,5,0.1562,0.5933
Stable-8B,original,6,0.1875,0.5503
Stable-8B,original,7,0.2188,0.5566
Stable-8B,original,8,0.25,0.5996
Stable-8B,original,9,0.2812,0.6226
Stable-8B,original,10,0.3125,0.6048
Stable-8B,original,11,0.3438,0.6017
Stable-8B,original,12,0.375,0.6195
Stable-8B,original,13,0.4062,0.6164
Stable-8B,original,14,0.4375,0.5996
Stable-8B,original,15,0.4688,0.6164
Stable-8B,original,16,0.5,0.6468
Stable-8B,original,17,0.5312,0.6771
Stable-8B,original,18,0.5625,0.6656
Stable-8B,original,19,0.5938,0.6635
Stable-8B,original,20,0.625,0.6457
Stable-8B,original,21,0.6562,0.6373
Stable-8B,original,22,0.6875,0.6059
Stable-8B,original,23,0.7188,0.6006
Stable-8B,original,24,0.75,0.6111
Stable-8B,original,25,0.7812,0.6279
Stable-8B,original,26,0.8125,0.6572
Stable-8B,original,27,0.8438,0.6751
Stable-8B,original,28,0.875,0.6625
Stable-8B,original,29,0.9062,0.6468
Stable-8B,original,30,0.9375,0.6184
Stable-8B,original,31,0.9688,0.6394
Stable-8B,original,32,1.0,0.5514
UltraLLaDA-8B,original,0,0.0,0.499
UltraLLaDA-8B,original,1,0.0312,0.4937
UltraLLaDA-8B,original,2,0.0625,0.4444
UltraLLaDA-8B,original,3,0.0938,0.4665
UltraLLaDA-8B,original,4,0.125,0.501
UltraLLaDA-8B,original,5,0.1562,0.4539
UltraLLaDA-8B,original,6,0.1875,0.5178
UltraLLaDA-8B,original,7,0.2188,0.4948
UltraLLaDA-8B,original,8,0.25,0.4455
UltraLLaDA-8B,original,9,0.2812,0.4633
UltraLLaDA-8B,original,10,0.3125,0.4476
UltraLLaDA-8B,original,11,0.3438,0.4696
UltraLLaDA-8B,original,12,0.375,0.4046
UltraLLaDA-8B,original,13,0.4062,0.4706
UltraLLaDA-8B,original,14,0.4375,0.4853
UltraLLaDA-8B,original,15,0.4688,0.4727
UltraLLaDA-8B,original,16,0.5,0.4874
UltraLLaDA-8B,original,17,0.5312,0.4738
UltraLLaDA-8B,original,18,0.5625,0.4832
UltraLLaDA-8B,original,19,0.5938,0.5398
UltraLLaDA-8B,original,20,0.625,0.5597
UltraLLaDA-8B,original,21,0.6562,0.5283
UltraLLaDA-8B,original,22,0.6875,0.5398
UltraLLaDA-8B,original,23,0.7188,0.5807
UltraLLaDA-8B,original,24,0.75,0.5461
UltraLLaDA-8B,original,25,0.7812,0.5954
UltraLLaDA-8B,original,26,0.8125,0.5786
UltraLLaDA-8B,original,27,0.8438,0.5891
UltraLLaDA-8B,original,28,0.875,0.587
UltraLLaDA-8B,original,29,0.9062,0.6017
UltraLLaDA-8B,original,30,0.9375,0.6593
UltraLLaDA-8B,original,31,0.9688,0.6992
UltraLLaDA-8B,original,32,1.0,0.7149
LLaDA-flash-102B,retest_2026-07-29,0,0.0,0.5367
LLaDA-flash-102B,retest_2026-07-29,1,0.0312,0.6078
LLaDA-flash-102B,retest_2026-07-29,2,0.0625,0.6205
LLaDA-flash-102B,retest_2026-07-29,3,0.0938,0.6108
LLaDA-flash-102B,retest_2026-07-29,4,0.125,0.6033
LLaDA-flash-102B,retest_2026-07-29,5,0.1562,0.606
LLaDA-flash-102B,retest_2026-07-29,6,0.1875,0.4998
LLaDA-flash-102B,retest_2026-07-29,7,0.2188,0.4974
LLaDA-flash-102B,retest_2026-07-29,8,0.25,0.5354
LLaDA-flash-102B,retest_2026-07-29,9,0.2812,0.5633
LLaDA-flash-102B,retest_2026-07-29,10,0.3125,0.6323
LLaDA-flash-102B,retest_2026-07-29,11,0.3438,0.6506
LLaDA-flash-102B,retest_2026-07-29,12,0.375,0.6686
LLaDA-flash-102B,retest_2026-07-29,13,0.4062,0.6585
LLaDA-flash-102B,retest_2026-07-29,14,0.4375,0.6379
LLaDA-flash-102B,retest_2026-07-29,15,0.4688,0.693
LLaDA-flash-102B,retest_2026-07-29,16,0.5,0.6831
LLaDA-flash-102B,retest_2026-07-29,17,0.5312,0.7109
LLaDA-flash-102B,retest_2026-07-29,18,0.5625,0.7205
LLaDA-flash-102B,retest_2026-07-29,19,0.5938,0.7602
LLaDA-flash-102B,retest_2026-07-29,20,0.625,0.7723
LLaDA-flash-102B,retest_2026-07-29,21,0.6562,0.7796
LLaDA-flash-102B,retest_2026-07-29,22,0.6875,0.7791
LLaDA-flash-102B,retest_2026-07-29,23,0.7188,0.7732
LLaDA-flash-102B,retest_2026-07-29,24,0.75,0.8002
LLaDA-flash-102B,retest_2026-07-29,25,0.7812,0.798
LLaDA-flash-102B,retest_2026-07-29,26,0.8125,0.7948
LLaDA-flash-102B,retest_2026-07-29,27,0.8438,0.7949
LLaDA-flash-102B,retest_2026-07-29,28,0.875,0.7983
LLaDA-flash-102B,retest_2026-07-29,29,0.9062,0.7996
LLaDA-flash-102B,retest_2026-07-29,30,0.9375,0.7907
LLaDA-flash-102B,retest_2026-07-29,31,0.9688,0.7952
LLaDA-flash-102B,retest_2026-07-29,32,1.0,0.6976
LLaDA-flash-102B,retest_raw_last_block,,,0.684
LLaDA-flash-102B,retest_normed_last_block,,,0.6976
