model,m,auc,seeds
LLaDA-flash-102B,0.0,0.7893,5
LLaDA-flash-102B,0.2,0.6019,5
LLaDA-flash-102B,0.4,0.5192,5
LLaDA-flash-102B,0.6,0.508,5
LLaDA-flash-102B,0.8,0.5004,5
LLaDA-flash-102B,1.0,0.4958,5
LLaDA-flash-102B,1.5,0.495,5
LLaDA-mini,0.0,0.7075,5
LLaDA-mini,0.2,0.5696,5
LLaDA-mini,0.4,0.5289,5
LLaDA-mini,0.6,0.5122,5
LLaDA-mini,0.8,0.5124,5
LLaDA-mini,1.0,0.5119,5
LLaDA-mini,1.5,0.5113,5
DiffuCoder-7B,0.0,0.7778,5
DiffuCoder-7B,0.2,0.6675,5
DiffuCoder-7B,0.4,0.5625,5
DiffuCoder-7B,0.6,0.5277,5
DiffuCoder-7B,0.8,0.5229,5
DiffuCoder-7B,1.0,0.5178,5
DiffuCoder-7B,1.5,0.513,5
Dream-Coder-7B,0.0,0.76,1
Dream-Coder-7B,0.05,0.7694,1
Dream-Coder-7B,0.1,0.7505,1
Dream-Coder-7B,0.2,0.7652,1
Dream-Coder-7B,0.4,0.587,1
Dream-Coder-7B,0.8,0.521,1
UltraLLaDA-8B (512ctx),0.0,0.7184,1
UltraLLaDA-8B (512ctx),0.05,0.7203,1
UltraLLaDA-8B (512ctx),0.1,0.6782,1
UltraLLaDA-8B (512ctx),0.2,0.6877,1
UltraLLaDA-8B (512ctx),0.4,0.6322,1
UltraLLaDA-8B (512ctx),0.8,0.6207,1
Stable-DiffCoder-8B,0.0,0.6677,1
Stable-DiffCoder-8B,0.05,0.6667,1
Stable-DiffCoder-8B,0.1,0.608,1
Stable-DiffCoder-8B,0.2,0.4623,1
Stable-DiffCoder-8B,0.4,0.5021,1
Stable-DiffCoder-8B,0.8,0.4832,1
